pub_id,title,type,bibtex,author,editor,isbn,url,date,urldate,booktitle,issuetitle,journal,volume,number,pages,publisher,address,edition,chapter,institution,organization,school,series,crossref,abstract,howpublished,key,techtype,comment,note,image_url,doi,is_isbn,rel_page,status,added,modified,use_capabilites,import_id
,Hybrid-Field Beamforming for Wideband Extremely Large MIMO Systems,,,H. Nam and H. Park,,,,2026-08-28,,,,IEEE Communications Letters,,,,,,,,,,,,,,,,,,,,,,,forthcoming,,,,
,Unsupervised Context Adaptation With Attention for Estimating Threshold Voltage Distributions Under Process Variation,,,"I. Choi, M. Hwang, J. Jee, and H. Park",,,,2026-08-10,,,,IEEE Access,,,,,,,,,,,,,,,,,,,,,,,forthcoming,,,,
1197,Low-Complexity Semantic Packet Aggregation for Token Communication Via Lookahead Search,article,Lee2026,"S. Lee, J. Park, J.Choi, H. Park",,1558-0857,,2026-05-10,0000-00-00,,,IEEE Transactions on Communications,,,,,,,,,,,,,,,,,,,,,0,0,forthcoming,2026-05-12 12:58:55,2026-05-12 13:16:07,,0
1195,Deadline-Aware Joint Optimization of Task Offloading and Resource Allocation for Cell-Free Mobile Edge Computing Networks,article,N.Hong2026,"N.Hong, S.Lee, H.Park",,1389-1286,,2026-05-01,0000-00-00,,,Computer Networks,281,112219,,,,,,,,,,,"The increasing demand for wireless applications with tight deadlines and intensive computational requirements has exposed the limitations of traditional mobile edge computing (MEC). In such a tight deadline task processing environment, it is inevitable that some tasks cannot be processed within the deadline and are dropped. To tackle this, we formulate an optimization problem that minimizes a weighted sum of the dropout ratio and average delay. To solve the problem, we present an integrated method that combines MEC with cell-free networks. In addition, we propose the Joint optimization of Association, Beamforming, Task Offloading, and Resource Allocation (JAB-TORA), which accounts for realistic wireless conditions. We formulate the problem as a Markov decision process and address it using a multi-agent deep reinforcement learning approach. Simulation results demonstrate the inversely proportional relationship between the dropout ratio and the average delay when adjusting the weights. These weights can be adjusted to meet the required dropout ratio or delay level. Furthermore, we demonstrate that the proposed method achieves a lower dropout ratio and delay than other offloading methods.",,,,,,,https://doi.org/10.1016/j.comnet.2026.112219,0,0,forthcoming,2026-04-07 22:03:49,2026-04-07 22:11:00,,0
1193,DeepMUTAT: Multiple Targets Tracking Algorithm Using Multiple UAVs,article,Kim2026,"S. Kim, S. Lim, J. Park, H. Park",,1939-9359,,2026-03-03,0000-00-00,,,IEEE Transactions on Vehicular Technology,,,,,,,,,,,,,"Unmanned aerial vehicle (UAV)-assisted networks are a promising technology in future wireless communication networks. Numerous applications related to UAV-assisted networks include mobile users (or targets) such as people, selfdriving vehicles, and robots. The location information of mobile devices is an essential element for realizing these applications. Furthermore, for providing services to mobile devices that move over time, real-time multi-target tracking is necessary. To ensure fair service provision to multiple users, unnecessary duplicated support or unsupported users should be avoided. For this reason, we consider multiple-target assignment constraints to fairly provide services. These motivations lead to the design of multiple UAV target assignment and tracking (MUTAT). In this paper, we propose a joint multi-UAV target assignment and tracking scheme to minimize target tracking errors while ensuring multiple target assignment constraints. Our proposed approach, named deep reinforcement learning-based multi-UAV target assignment and tracking (DeepMUTAT), consists of two distinct stages. In the first stage, to reduce computational complexity and ensure multiple target assignment constraints, we adopt a deep reinforcement learning (DRL)-based multi-target assignment for efficient multitarget tracking. In the second stage, to minimize tracking errors without requiring knowledge of the dynamics of targets and to avoid collisions with surrounding obstacles, we propose a DRL-based multi-target tracking approach. Based on extensive simulations, we demonstrate the performance of the proposed scheme compared to baseline schemes in terms of tracking error and tracking success probability. The proposed scheme achieved similar performance to the baseline scheme but had lower computational complexity.",,,,,,,10.1109/TVT.2026.3669430,0,0,forthcoming,2026-03-10 13:21:04,2026-04-07 22:08:40,,0
1192,Intelligent Read Framework With Meta-learning for NAND Flash Memory Under Process Variation,article,Hwang2026,"M. Hwang, I. Choi, J. Jee, H. Park",,2169-3536,,2026-02-16,0000-00-00,,,IEEE Access,14,,26363 - 26380,,,,,,,,,,"The storage density of NAND flash memory has significantly increased due to multi-leveling and downscaling technologies. As a side effect of enhanced storage capacity, flash memory becomes vulnerable to circuit-level noise. To enhance data reliability, NAND flash memory employs error correction codes such as low-density parity-check (LDPC) code with soft-decision (SD) decoding based on log-likelihood ratio (LLR) information. Conventional SD read uses pre-defined uniform quantization, which is not optimized for varying threshold voltage distributions caused by physical noise, degradation, and process variation (PV). We propose an intelligent read framework employing a non-uniform quantizer that adjusts read reference voltages (RRVs) and LLR values according to the memory channel state. The optimization of RRVs and LLRs requires information on threshold voltage distributions. To accurately estimate the threshold voltage distribution from limited channel information, we propose a machine learning-based estimation model. Moreover, we incorporate model-agnostic meta-learning, enabling precise estimation of threshold voltage distribution across different flash chips addressing PV. Numerical results demonstrate significant improvements in read performance, validating the effectiveness of the proposed framework.",,,,,,,10.1109/ACCESS.2026.3664803,0,0,published,2026-03-10 13:14:50,2026-03-10 13:15:10,,0
1191,On the Optimal Duplexing Strategy for Wireless-Powered Communication Networks,article,A.Ahmadian2025,"A.Ahmadian, H.Park",,1874-4907,,2025-07-22,0000-00-00,,,Physical Communication,72,,,,,,,,,,,,"Due to its simplicity and lack of channel state information (CSI) feedback requirements, time division duplexing (TDD) has been the preferred duplexing method in wireless-powered communication networks (WPCNs), while the advantages of frequency-division duplexing (FDD) has remained largely unexplored. Yet, the decision between TDD and FDD goes beyond CSI considerations, as it depends on various system parameters and operational trade-offs not previously considered. In FDD, the transmitter remains active throughout the entire frame duration, enabling more effective utilization of the maximum instantaneous transmit power of the hybrid access point (HAP). In contrast, TDD exploits the full bandwidth (BW), thereby making better use of the feasible maximum power spectral density (PSD). Finally, while the constraint of maximum time-averaged transmit power in FDD closely resembles the effect of the maximum instantaneous transmit power constraint, they have different effects on the operation of the TDD-WPCN.
To analyze these effects, we thoroughly investigate both TDD-WPCN and FDD-WPCN and characterize their respective operating regions. Our extensive theoretical and simulation results reveal that selecting between the two schemes involves a complex, multidimensional trade-off, warranting careful consideration in system design. We demonstrate that, under certain assumptions, the throughput of an FDD-WPCN can be substantially greater than that of the same WPCN operating in TDD mode. Furthermore we prove that, under certain conditions, a single-node FDD-WPCN can achieve a two-fold increase in throughput compared to a single-node TDD-WPCN.",,,,,,,https://doi.org/10.1016/j.phycom.2025.102729,0,0,published,2026-01-19 14:23:18,2026-01-19 14:23:18,,0
1187,A Novel Iterative Hybrid Beamforming Design With Per-RF Chain Power Constraints in Massive MIMO OFDM Systems,article,Son2025,"H. Son, G. Kwon, J. Park, H. Nam, and H. Park",,1939-9359,,2025-06-12,0000-00-00,,,IEEE Transactions on Vehicular Technology,74,11,18190 - 18195,,,,,,,,,,"One of representative strategies for hybrid analog-and-digital beamforming (HBF) in massive multiple-input multiple-output (MIMO) systems is the two-stage design, where radio frequency (RF) and baseband (BB) beamformers are optimized sequentially. However, the two-stage approach overlooks the impact of BB beamforming (BF) on RF BF design, resulting in loss of optimality of RF BF. To address this, we propose an iterative two-stage HBF design that considers the influence of BB BF on RF BF design. The BB BF is designed per subcarrier for orthogonal frequency division multiplexing (OFDM) systems and optimized under per-RF chain power constraints. Simulation results verify superiority of the proposed HBF design.",,,,,,,10.1109/TVT.2025.3574475,0,0,published,2025-05-12 13:45:29,2026-01-19 14:10:19,,0
1188,Distributed Multi-agent Reinforcement Learning for Scalable Cell-Free MIMO Networks,article,Lee2025b,"S. Lee, G. Kwon, J. Park, H. Park",,1558-2248,,2025-05-30,0000-00-00,,,IEEE Transactions on Wireless Communications,24,11,9156 - 9172,,,,,,,,,,"Cell-free multiple-input-multiple-output (MIMO) is poised to enable scalable next-generation cellular networks. To this end, it is crucial to optimize the cell-free MIMO link configuration, including user associations, data stream allocation, and beamforming (BF). However, the scalability of link configuration optimization is significantly challenged as signaling and computational costs increase with the number of base stations (BSs) and user equipments (UEs). To address this scalability issue, this paper proposes a distributed multi-agent deep reinforcement learning (MADRL)-based cell-free MIMO link configuration framework that leverages interference approximation to minimize signaling overhead required for channel state information (CSI) exchange. Our proposed framework reduces the solution search space suitable for distributed MADRL, by decomposing the original sum rate maximization problem into BS-specific tasks. Simulation results show that our proposed method achieves scalability, as the sum rate increases with the number of BSs and UEs.",,,,,,,10.1109/TWC.2025.3571465,0,0,published,2025-05-12 13:46:40,2026-01-19 14:12:09,,0
1186,Hybrid Beamforming Design on Riemannian Manifolds for Wideband MIMO Systems,article,Nam2025,"H. Nam, G. Kwon, H. Park",,2169-3536,,2025-03-27,0000-00-00,,,IEEE Access,13,,56958 - 56981,,,,,,,,,,"This paper proposes a novel, unified approach to design both radio frequency (RF) and baseband beamforming (BF) solutions for wideband hybrid multiple-input multiple-output (MIMO) systems using the Riemannian manifold optimization. The proposed two-stage optimization framework effectively addresses various power constraints of the wideband hybrid MIMO systems, including total sum power, per-RF-chain, and per-antenna power constraints. By transforming constrained optimization problems into unconstrained ones on Riemannian submanifolds, we achieve notable improvements in spectral efficiency (SE) and power consumption. In addition, we account for the log-determinant structure of the objective function, which forms an unconstrained solution subspace. This allows for a more efficient retraction process towards the manifold, representing the set of solutions that satisfy the constraints. This unified design approach provides a more accurate and efficient solution to non-convex optimization problems with complex constraints. Simulation results demonstrate the superior performance of the proposed approach over conventional approaches.",,,,,,,10.1109/ACCESS.2025.3555296,0,0,published,2025-03-20 12:38:52,2025-08-20 15:27:41,,0
1125,Cloud Radio Random-Access Networks With Multi-packet Reception Capability,article,Shin2024,"C. Shin, S. Park, J. Kim, H. Park",,,,2024-06-26,0000-00-00,,,IEEE Access,12,,89384 - 89393,,,,,,,,,,,,,,,,,10.1109/ACCESS.2024.3419081,1,0,published,2024-07-01 12:55:12,2024-11-21 14:59:53,,0
1122,Performance Assessment for LDM Transmission Based on DVB Satellite Standard,article,Kim2024,"P. Kim, H. Park",,,,2024-02-29,0000-00-00,,,IEEE Transactions on Broadcasting,70,2,382-390,,,,,,,,,,,,,,,,,10.1109/TBC.2024.3349789,1,0,published,2024-03-04 13:46:03,2024-06-11 13:25:03,,0
1121,Long-Term Throughput Maximization in Wireless Powered Communication Networks: A Multi-task DRL Approach,article,Ahmadian2024,"A. Ahmadian, W. Shin, H.Park",,2327-4662,,2024-02-26,0000-00-00,,,IEEE Internet of Things Journal,11,11,19616 - 19631,,,,,,,,,,"In this article, we study a wirelessly powered communication network (WPCN) composed of several wireless devices (WDs) which rely on an energy access point (EAP) for their supply of energy which is used to transfer data to a data access point (DAP). While the dominant focus of the literature in this area has been on frame-based data rate optimization, it has been known that this approach is greedy and only optimal in additive white Gaussian noise (AWGN) channels. Hence, in this work, we propose an online algorithm that, based on the current state of the batteries and channels, adaptively calculates the transmission time and power allocations to maximize the long-term performance of this system in fading channels. In order to accomplish such a goal, we employ the Twin delayed DDPG (TD3) approach, which is a deep reinforcement learning (DRL) technique designed for continuous state and action spaces. Additionally, we use the multitask learning (MTL) techniques to train a DRL agent that creates a composite policy capable of dynamically optimizing not just one specific WPCN configuration, but a continuum of WPCN problems, which we call a composite environment. Each of these environments has different parameters, such as WDs’ distances, to the DAP and EAP, batteries’ size, rectifying antenna (rectenna) energy harvesting (EH) model linearity, as well as different uplink (UL) and downlink (DL) channel specular components. Simulation results confirm that the TD3 algorithm can easily learn to achieve a much higher common throughput compared to the traditional optimization schemes.",,,,,,,10.1109/JIOT.2024.3370192,0,0,published,2024-02-14 17:18:21,2025-08-20 15:25:52,,0
1120,Channel Estimation and Pilot Reduction for mmWave Massive MIMO Systems Using Deep Neural Networks ,article,Tamiru2024," B. Tamiru, J. Jee, H. Park",,,,2024-02-09,0000-00-00,,,ICT Express,10,4,798-803,,,,,,,,,,"In this paper, we propose deep learning-based channel estimation and pilot reduction for mmWave point-to-point multi-input multi-output
systems. The proposed scheme consists of a two-step approach where the first step is applying a denoising autoencoder for channel estimation.
With the denoising characteristic of autoencoder, sparse channel estimation can be conducted although the orthogonality of pilot sequences
is not guaranteed due to shorter pilots. The second step is exploiting the temporal correlation of the channel, using the previous estimate to
extract information for the current estimate. Through simulation, the proposed scheme shows superior performance with reduced pilots.",,,,,,,https://doi.org/10.1016/j.icte.2024.02.003,1,0,published,2024-02-08 13:06:58,2025-08-20 15:23:49,,0
1118,Signal Model and Linear Combining Design for Multi-numerology Massive MIMO Systems,article,Son2024,"H. Son, G. Kwon, H. Park, J. Park, ",,,,2024-02-06,0000-00-00,,,IEEE Transactions on Vehicular Technology,73,6,8598-8614,,,,,,,,,,,,,,,,,10.1109/TVT.2024.3362330,1,0,published,2024-01-12 11:42:56,2024-06-21 12:49:32,,0
1112,Integrated Localization and Communication for Efficient Millimeter Wave Networks,article,Kwon2023,"G. Kwon, Z. Liu, A. Conti, H. Park, M. Win",,,,2023-11-29,0000-00-00,,,IEEE Journal on Selected Areas in Communications,,,3925 - 3941,,,,,,,,,,,,,,,,,10.1109/JSAC.2023.3322760,1,0,published,2023-09-08 13:11:43,2023-12-14 16:46:43,,0
1115,"Deep Learning-Based Joint Optimization of Closed-Loop FDD MmWave Massive MIMO: Pilot Adaptation, CSI Feedback, and Beamforming",article,Jee2023,"J. Jee, H. Park",,,,2023-10-24,0000-00-00,,,IEEE Transactions on Vehicular Technology,73,3,4019 - 4034,,,,,,,,,,,,,,,,,10.1109/TVT.2023.3327276,1,0,published,2023-10-06 12:09:22,2024-03-15 11:14:44,,0
1113,Outage Probability Analysis and Joint Optimization for UAV-Aided FSO/RF Systems With Nonlinear Power Amplifiers,article,Park2023,"H.S Park, J. Jee, H Park",,,,2023-10-02,0000-00-00,,,IEEE Photonics Journal,,7304913,,,,,,,,,,,,,,,,,,10.1109/JPHOT.2023.3321144,1,0,published,2023-10-04 11:15:10,2023-12-14 16:49:03,,0
1107,Cooperative Beamforming With Nonlinear Power Amplifiers: A Deep Learning Approach for Distributed Networks,article,Jee2022,"J. Jee, G. Kwon, H. Park",,,,2023-05-18,0000-00-00,,,IEEE Transactions on Vehicular Technology,72,5,5973-5988,,,,,,,,,,,,,,,,,10.1109/TVT.2022.3226799,1,0,published,2022-11-14 12:33:58,2023-09-01 16:21:22,,0
1106,Dynamic Error Recovery Flow Prediction Based on Reusable Machine Learning for Low Latency NAND Flash Memory Under Process Variation,article,Hwang2022bb,"M. Hwang, J.Jee, J.Kang, H.Park, S.Lee, J.Kim",,,,2022-11-07,0000-00-00,,,IEEE Access,10,,117715 - 117731,,,,,,,,,,,,,,,,,10.1109/ACCESS.2022.3220337,1,0,published,2022-11-08 16:03:28,2023-06-30 17:46:12,,0
1105,Energy-Efficient Multi-tap Single Carrier Hybrid Beamforming in Uplink Wideband Millimeter Wave Systems,article,Jun2022b,"S. Jun, G. Kwon, H. Park",,,,2022-10-17,0000-00-00,,,IEEE Transactions on Vehicular Technology,71,10,10782 - 10795,,,,,,,,,,,,,,,,,10.1109/TVT.2022.3187841,1,0,published,2022-06-07 18:36:29,2023-08-08 16:10:34,,0
1104,Massive MIMO Precoding for Interference-Free Multi-numerology Systems,article,Son2022b,"H. Son, G. Kwon, H. Park, J. Park",,,,2022-09-19,0000-00-00,,,IEEE Transactions on Vehicular Technology,71,9,9765 - 9780,,,,,,,,,,,,,,,,,10.1109/TVT.2022.3182408,1,0,published,2022-05-23 10:56:37,2023-08-08 16:18:08,,0
1085,Energy Balancing Resource Allocation for Wireless Cooperative IoT Networks With SWIPT,article,An2021b,"H. An, H. Park",,,,2022-07-15,0000-00-00,,,IEEE Internet of Things Journal,9,14,12258 - 12271,,,,,,,,,,,,,,,,,10.1109/JIOT.2021.3135282,1,0,published,2021-12-01 01:22:39,2023-08-08 16:20:02,,0
1081,Joint Communication and Localization in Millimeter Wave Networks,article,Kwon2021b,"G. Kwon, A. Conti, H. Park, M.Z. Win",,,,2021-12-02,0000-00-00,,,IEEE Journal of Selected Topics in Signal Processing,15,6,1439 - 1454,,,,,,,,,,,,,,,,,10.1109/JSTSP.2021.3113115,1,0,published,2021-08-27 11:27:43,2023-08-08 16:16:32,,0
1077,Joint Beamforming and Power Splitting for Wideband Millimeter Wave SWIPT Systems,article,Kwon2021,"G. Kwon, H. Park, M.Z. Win",,,,2021-10-04,0000-00-00,,,IEEE Journal of Selected Topics in Signal Processing,15,5,1211 - 1227,,,,,,,,,,,,,,,,,10.1109/JSTSP.2021.3089026,1,0,published,2021-05-27 13:24:38,2023-08-08 16:24:46,,0
1079,Joint Precoding and Power Allocation for Multiuser MIMO System With Nonlinear Power Amplifiers,article,Jee2021b,"J. Jee, G. Kwon, H. Park",,,,2021-09-17,0000-00-00,,,IEEE Transactions on Vehicular Technology,70,9,8883 - 8897,,,,,,,,,,,,,,,,,10.1109/TVT.2021.3097775,1,0,published,2021-07-07 10:51:36,2023-08-08 16:17:39,,0
1080,Phase Aligned Time-Reversal for Multi-user Wireless Power Transfer Systems With Non-linear Energy Harvesting,article,An2021,"H. An, M. Hwang, H. Park",,,,2021-08-11,0000-00-00,,,IEEE Access,9,,109976 - 109985,,,,,,,,,,,,,,,,,10.1109/ACCESS.2021.3102864,1,0,published,2021-07-25 12:44:12,2023-08-08 16:21:34,,0
1076,Multiple Intelligent Reflecting Surfaces for Capacity Maximization in LOS MIMO Systems,article,Choi2021,"J. Choi, G. Kwon, H.Park",,,,2021-08-09,0000-00-00,,,IEEE Wireless Communications Letters,10,8,1727-1731,,,,,,,,,,,,,,,,,10.1109/LWC.2021.3078151,1,0,published,2021-05-03 11:04:01,2023-08-08 16:25:16,,0
1069,High-Resolution Multi-beam Tracking With Low Overhead for mmWave Beamforming System,article,Kim2021,"S. Kim, G. Kwon, H. Park",,,,2021-03-10,0000-00-00,,,"ICT Express, 2021",7,1,28 - 35,,,,,,,,,,,,,,,,,10.1016/j.icte.2021.01.014,1,0,published,2021-02-01 11:11:23,2021-03-11 13:21:55,,0
1057,Joint Time Allocation for Wireless Energy Harvesting Decode-and-Forward Relay Based IoT Networks With Rechargeable and Non-rechargeable Batteries,article,Shin2020,"Y. Shim, H. Park, W. Shin",,,,2021-02-15,0000-00-00,,,IEEE Internet of Things Journal,8,4,2792 - 2801,,,,,,,,,,,,,,,,,10.1109/JIOT.2020.3020960,1,0,published,2020-08-24 14:54:18,2021-02-09 11:40:41,,0
1066,120 GHz Wideband I/Q Receiver Based on Baseband Equalizing Technique,article,Jang2020,"T. H. Jang, D. M. Kang, S. H. Kim, C. J. Lee, S. Jun, H. Park, J. H. Kim, C. S. Park",,,,2020-11-26,0000-00-00,,,IEEE Journal of Solid State Circuits,,,1-1,,,,,,,,,,,,,,,,,10.1109/JSSC.2020.3032022,1,0,published,2020-10-13 13:30:45,2021-05-10 11:02:49,,0
1067,Max-Min Throughput Optimization in FDD Multi-antenna Wirelessly-Powered IoT Networks,article,Ahmadian2020,"A. Ahmadian, W. Shin, H. Park",,,,2020-10-22,0000-00-00,,,IEEE Internet of Things Journal,8,7,5866-5880,,,,,,,,,,,,,,,,,10.1109/JIOT.2020.3033227,1,0,published,2020-10-19 11:45:13,2021-05-10 11:00:49,,0
1065,Precoding Design and Power Control for SINR Maximization of MISO System With Nonlinear Power Amplifiers,article,Jee2020,"J. Jee, G. Kwon, H. Park",,,,2020-09-25,0000-00-00,,,IEEE Transactions on Vehicular Technology,69,11,14019 - 14024,,,,,,,,,,,,,,,,,10.1109/TVT.2020.3026752,1,0,published,2020-09-23 14:26:21,2020-11-18 12:59:28,,0
1060,Machine-Learning-Based Read Reference Voltage Estimation for NAND Flash Memory Systems Without Knowledge of Retention Time,article,Choe2020,"H. Choe, J. Jee, S.-C. Lim, S. Joe, I. Park, H. Park",,,,2020-09-24,0000-00-00,,,IEEE Access,8,,176416-176429,,,,,,,,,,,,,,,,,10.1109/ACCESS.2020.3026232,1,0,published,2020-09-20 23:00:24,2020-10-19 13:05:22,,0
1054,MMSE-Interference Canceling Receiver for QAM-FBMC Systems,article,Han2020,"H. Han, G. Kwon, H. Park",,,,2020-07-08,0000-00-00,,,IEEE Communications Letters,24,11,2589 - 2593,,,,,,,,,,,,,,,,,10.1109/LCOMM.2020.3007895,1,0,published,2020-07-01 13:31:05,2020-11-12 13:33:59,,0
1053,CFO Estimation Based on Auto-correlation With Flexible Intervals for OFDM Systems With 1-Bit ADCs,article,wang2020cfo,"W. Wang, H. Park",,,,2020-06-09,0000-00-00,,,IEEE Access,8,,108474-108481,,,,,,,,,,,,,,,,,10.1109/ACCESS.2020.3001226,1,0,published,2020-06-01 13:15:44,2020-08-25 14:27:22,,0
1051,Polar Coding-Based Selective Mapping for PAPR Reduction Without Redundant Information Transmission,article,Lim2020,"S.-C. Lim, N. Kim, H. Park",,,,2020-04-21,0000-00-00,,,IEEE Communications Letters,24,8,1621-1625,,,,,,,,,,,,,,,,,10.1109/LCOMM.2020.2989205,1,0,published,2020-04-17 13:37:12,2020-08-13 12:58:35,,0
1050,Limited Feedback Hybrid Beamforming for Multi-mode Transmission in Wideband Millimeter Wave Channel,article,Kwon2020,"G. Kwon, H. Park",,,,2020-03-13,0000-00-00,,,IEEE Transactions on Wireless Communications,19,6,4008-4022,,,,,,,,,,,,,,,,,10.1109/TWC.2020.2979184,1,0,published,2020-02-26 11:51:39,2020-06-16 21:38:35,,0
1039,Design of QAM-FBMC Waveforms Considering MMSE Receiver,article,Han2019b,"H. Han, N. Kim, H. Park",,,,2020-01-01,0000-00-00,,,IEEE Communications Letters,24,1,131-135,,,,,,,,,,,,,,,,,10.1109/LCOMM.2019.2952375,1,0,published,2019-10-25 14:14:52,2020-01-29 11:48:06,,0
1034,Joint User Association and Beamforming Design for Millimeter Wave UDN With Wireless Backhaul,article,Kwon2019b,"G. Kwon, H. Park",,,,2019-10-25,0000-00-00,,,IEEE Journal on Selected Areas in Communications,37,12,2653-2668,,,,,,,,,,,,,,,,,10.1109/JSAC.2019.2947926,1,0,published,2019-10-04 20:18:05,2020-01-20 11:09:43,,0
1024,Analysis of CFO Estimation for QAM-FBMC Systems Considering Non-orthogonal Prototype Filters,article,Han2019a,"H. Han, N. Kim, H. Park",,,,2019-09-16,0000-00-00,,,IEEE Transactions on Vehicular Technology,68,7,6761-6774,,,,,,,,,,,,,,,,,,1,0,published,2019-09-16 18:52:21,2020-01-15 14:04:05,,0
1020,Regularized Zero-Forcing Precoder for Massive MIMO System With Transceiver I/Q Imbalances,article,Jee2019a,"J. Jee, G. Kwon, H. Park",,2162-2345,,2019-08-04,0000-00-00,,,IEEE Wireless Communications Letters,8,4,1028-1031,,,,,,,,,,,,,,,,,,1,0,published,2019-03-04 10:58:02,2019-08-23 11:44:00,,0
1001,Millimeter Wave SDMA With Limited Feedback: RF-Only Beamforming Can Outperform Hybrid Beamforming ,article,Kwon2019a,"G. Kwon, N. Kim, H. Park",,,https://ieeexplore.ieee.org/stamp/stamp.jsp?tp=&amp;arnumber=8580400,2019-02-13,0000-00-00,,,IEEE Transactions on Vehicular Technology,68,2,1534  -  1548,,,,,,,,,,,,,,,,,,1,0,published,2018-11-19 19:21:21,2019-02-15 13:56:31,,0
1002,Beamforming Design for Low-Power In-Band Wireless Backhaul Systems: Centralized and Distributed Approaches ,article,Kwon2019a,"G. Kwon, H. Park",,,https://ieeexplore.ieee.org/stamp/stamp.jsp?tp=&amp;arnumber=8580398,2019-02-13,0000-00-00,,,IEEE Transactions on Vehicular Technology,68,2,1549  -  1563,,,,,,,,,,,,,,,,,,1,0,published,2018-11-19 19:22:33,2019-02-15 13:51:03,,0
999,Gaussian Approximation Based Belief Propagation Receiver for Uplink SCMA Systems With Imperfect CSIR,article,Lim2018b,"S.-C. Lim, H. Park",,,URL: http://ieeexplore.ieee.org/stamp/stamp.jsp?tp=&amp;arnumber=8485389&amp;isnumber=8570950,2018-12-11,0000-00-00,,,IEEE Communications Letters,22,12,2611-2614,,,,,,,,,,,,,,,,,,1,0,published,2018-09-27 13:18:46,2018-12-12 13:52:25,,0
981,Beamforming Design for Multi-hop Amplify-and-Forward MIMO Relay,article,Shim2018,Y. Shim; H. Park,,1939-9359,,2018-09-19,0000-00-00,,,IEEE Transactions on Vehicular Technology,67,9,8144-8153,,,,,,,,,,"This paper considers multi-hop amplify-andforward (AF) multiple-input multiple-output (MIMO) relay networks. In the multi-hop AF MIMO relay networks, the performance deteriorates as the number of hops increases because the effect of noise is enhanced. This paper proposes the two beamforming schemes using channel state information (CSI) for transmit beamforming at source, relay beamforming at relay, and receive beamforming at destination. The forward-and-backward-CSI and all-CSI based beamforming schemes are designed at each relay based on the minimum mean square error criterion under the source and relay transmit power constraint. The forwardand-backward-CSI based beamforming scheme is designed using the two matrices, both forward and backward channels. The two matrices are designed by the beamforming matrices and channels from previous relays. Unlike the forward-and-backward-CSI based beamforming scheme, the all-CSI based beamforming scheme is designed by using all channels and iterative algorithm. In terms of complexity, the forward-and-backward-CSI based scheme is superior to the all-CSI based scheme. However, the all-CSI based scheme has advantage over the forward-andbackward-CSI based scheme in terms of performance.",,,,,,,10.1109/TVT.2017.2690300,0,0,published,2018-03-26 15:56:30,2018-09-19 18:18:42,,
994,Codebook Optimization for the Superposition Transmission of Uplink SCMA Systems,article,Lim2018,"S.-C. Lim, H. Park",,,,2018-08-01,0000-00-00,,,IEEE Transactions on Vehicular Technology,67,10,10112-10117,,,,,,,,,,,,,,,,,,1,0,published,2018-07-30 11:40:44,2018-10-16 10:29:08,,
984,MDS Coded Caching With MRT and Its Optimization,article,Choi2018,G. Kim; H. Park; W. Choi,,,,2018-05-08,0000-00-00,,,ICT Express,,,,,,,,,,,,,"In conventional maximum distance separable (MDS) coded caching systems, storage-ecient caching strategy which
minimizes unnecessarily redundant data is believed to be optimal. However, the conventional storage ecient caching
strategy may not be optimal because redundantly stored data can be utilized as diversity sources to combat wireless
channel impairments due to channel fading. This paper explores how MDS coded caching facilitates coordinated maxi-
mum ratio transmission (MRT) in cache enabled wireless networks. Optimizing the length of MDS coded sequence and
the amount of redundant cached data, we",,,,,,,,0,0,published,2018-05-13 18:24:11,2018-07-25 11:44:43,,
983,The Optimal Power Allocation With Hybrid Relaying Based on Channel Condition,article,Jeon2018,"J. Jeon, Y. Shim, H. Park",,2076-3417,,2018-04-19,0000-00-00,,,Applied Science,8,5,1-18,,,,,,,,,,"This paper considers a hybrid relay network consisting of the source, the amplify-and-forward (AF) relay, the decode-and-forward (DF) relay, and the destination. We propose the optimal power allocation schemes between two different relays which maximize the achievable rate under a sum relay power constraint for given channel gains and transmit power from source. 5 By solving the optimization problem to maximize the achievable rate for each relay network, the transmit power values in closed-form are derived. When the channel gains are the same, the optimal power allocation scheme for AF-DF relay network proves that a more power should be allocated at the first relay to maximize the achievable rate. In case of the DF-AF relay network, we derive the optimal power allocation scheme for the possible four cases. Under the same SNR condition at the 10 first hop, we show that the achievable rate of AF-DF relay network is greater than that of DF-AF relay network when the channel gain between two relays is higher than that between the second relay and destination. Simulation results show that the proposed power allocation schemes provide a higher achievable rate than the equal power allocation schemes. ",,,,,,,,0,0,published,2018-04-26 19:17:49,2018-07-25 11:43:05,,
977,MDS Coded Caching Leveraged by Coordinated Multi-point Transmission ,article,Kim2018,G. Kim; B. Hong; W. Choi; H. Park,,1089-7798,,2018-03-19,0000-00-00,,,IEEE Communications Letters,22,6,1220-1223,,,,,,,,,,"In conventional maximum distance separable (MDS) coded caching systems, the storage-efficient caching strategy which minimizes redundant data was believed to be optimal. However, redundantly stored data can rather be utilized to combat wireless channel impairments due to channel fading or interference. This paper explores how MDS coded caching facilitates coordinated multi-point (CoMP) transmission in cache enabled wireless networks. Optimizing the length of MDS coded sequence and the amount of redundant cached data, we demonstrate the gain of MDS coded caching leveraged by CoMP.",,,,,,,,0,0,published,2018-03-26 13:18:56,2018-07-25 11:44:10,,
962,Sparse Structure-Based Channel Estimation for Uplink SCMA System,article,heo2017sparseb,E. Heo; N. Kim; H. Park,,1939-9359,http://ieeexplore.ieee.org/document/7873353/,2017-09-22,0000-00-00,,,IEEE Transactions on Vehicular Technology,66,9,8037-8046,IEEE,,,,,,,,,"To fully utilize the performance gain of sparse code multiple access (SCMA) system, the channel state information of multi-users must be obtained at the base station (BS). However, conventional channel estimation approach causes significant training overhead as the number of active users becomes large. In this paper, we propose a channel estimation scheme for the uplink SCMA system to reduce the training overhead, which is based on the unstructured channel estimator (UCE). However, it is ineffective in terms of the resource usage to apply the UCE scheme to SCMA system directly since the data detection requires only channel information on the nonzero subcarriers of the SCMA codeword. Thus, we introduce a sparse pilot structure where the location of non-zero pilot symbols correspond to the location of non-zero symbols in the SCMA codeword and provide an optimal pilot allocation scheme for the sparse pilot structure, which can achieve the mean square error (MSE) lower bound. In addition, we consider the codebook reuse scenario to support more users with the existing SCMA codebooks. While the codebook reuse can help realize the massive connectivity, it has a problem that interference on each resource grows irregularly, which in turn leads to overwhelming training overhead. To solve this problem, we propose a channel estimation approach to reduce interference per subcarrier uniformly by the weight-regularization (WR) algorithm, and apply the optimal pilot allocation and least-squares (LS) algorithm. The puncturing channel information by the WR algorithm can be obtained by a minimum mean square error (MMSE) interpolator or a combined interpolator. Analytical results and simulations shows effectiveness of the proposed channel estimators.",,,,,,,10.1109/TVT.2017.2679020,0,0,published,2017-06-13 16:55:33,2017-09-22 18:36:31,,
959,Interference Mitigation Using Random Antenna Selection in Millimeter Wave Beamforming System,article,lim2017interference,W. Lim; G. Kwon and H. Park,,,http://jwcn-eurasipjournals.springeropen.com/articles/10.1186/s13638-017-0868-5,2017-05-12,0000-00-00,,,EURASIP Journal on Wireless Communications and Networking,2017,1,87,Springer,,,,,,,,,"In multi-user beamforming systems, the inter-user interference are controlled by spatial filtering. Since the implementation of digital beamforming is difficult due to high hardware cost of large array system, the analog beamforming system with one phase shifter at each antenna element is considered with antenna selection scheme. However, the beamwidth is not sufficiently narrow to perfectly remove the interference due to limited size of antenna arrays. To mitigate the interference, we propose the random antenna selection system in millimeter wave channel. The random antenna selection expands the effective array size so that the beamwidth becomes narrow. We compare the beamwidth of conventional fixed antenna selection with random antenna selection and analyze the amount of interference for each selection scheme. Theoretical analysis and bit error rate simulation results indicate that the beamforming with random antenna selection can take advantage of large array.",,,,,,,10.1186/s13638-017-0868-5,1,0,published,2017-05-24 16:49:57,2017-05-24 16:53:48,,
87,Beamforming for Full-Duplex Multiuser MIMO Systems,article,RN70,J. Kim and W. Choi and H. Park,,0018-9545,,2017-01-01,0000-00-00,,,IEEE Transactions on Vehicular Technology,66,3,2423-2432,,,,,,,,,,"We solve a sum rate maximization problem of full-duplex (FD) multiuser multiple-input-multiple-output (MU-MIMO) systems. Since additional self-interference (SI) in the uplink channel and cochannel interference (CCI) in the downlink channel are coupled in FD communication, the downlink and uplink multiuser beamforming vectors are required to be jointly designed. However, the joint optimization problem is nonconvex and difficult to solve due to the coupled effect. To properly address the coupled design issue, we reformulate the problem into an equivalent uplink channel problem by using the uplink and downlink channel duality known as multiple-access channel-broadcast channel duality (MAC-BC duality). Then, using a minorization-maximization (MM) algorithm based on an affine approximation, we obtain a solution for the reformulated problem. In addition, without any approximation and thus performance degradation, we develop an alternative algorithm based on iterative water filling (IWF) to solve the nonconvex problem. The proposed algorithms warrant fast convergence and low computational complexity.",,,,,,,10.1109/TVT.2016.2581213,0,0,published,2017-04-18 18:07:54,2017-04-18 18:07:54,,
95,BER of MIMO-BICM System at Current Detection/Decoding Cycle,article,RN72,N. Kim and J. Kim and S.-C. Lim and H. Park,,2162-2337,,2017-01-01,0000-00-00,,,IEEE Wireless Communications Letters,6,1,78-81,,,,,,,,,,"In this letter, we analyze the bit error rate (BER) of a multiple-input multiple-output bit-interleaved coded modulation (MIMO-BICM) system with an iterative receiver that consists of a soft-in soft-out (SISO) minimum mean square error detector and an SISO channel decoder. At a current detection/decoding cycle, an upper bound on a BER is derived based on the moment generating function of signal-to-interference-and-noise ratio at the detector output. We utilize the analytical BER derived from the current cycle to update the upper bound at the next cycle in an iterative manner. By an asymptotic approach, we also show that the BER of the MIMO-BICM system with an iterative receiver converges to that of the maximal ratio combining system.",,,,,,,10.1109/LWC.2016.2632714,0,0,published,2017-04-18 18:07:55,2017-07-01 22:00:35,,
110,Uplink SCMA System With Multiple Antennas,article,RN74,S.-C. Lim and N. Kim and H. Park,,1939-9359,,2017-01-01,0000-00-00,,,IEEE Transactions on Vehicular Technology,66,8,6982-6992,,,,,,,,,,"Sparse code multiple access (SCMA) is a codebookbased non-orthogonal multiple access which exploits the coding gain of designed codebooks and the near-optimum performance of belief-propagation (BP) detection. In this paper, we study an uplink SCMA system equipped with multiple receive antennas utilized to get a diversity gain. Assuming that the maximum likelihood detection is applied to the system, we derive the upper bound on the average bit error rate (ABER) and analyze the diversity order which is shown to be the product of the number of receive antennas and the spreading gain. Exploiting the multiple received signals, we also propose a simplified detection method called Gaussian approximation based BP (GA-BP) detection with linear pre-filtering. As the first step of the proposed detection, a conventional linear filter is applied to mitigate the multiuser interferences. Then, the GA-BP iteratively removes the residual interferences which may be approximated to a Gaussian random variable for the massive number of user equipments (UEs). Numerical results show that for moderate and high signal to noise ratio region the analyzed upper bounds on ABER of SCMA system tightly coincide with the simulation results. Also, for the moderate numbers of antennas, the ABER of GA-BP with matched filter closely approaches to that of the conventional BP detection with much lower computational costs.",,,,,,,10.1109/TVT.2017.2664894,0,0,published,2017-04-18 18:07:57,2018-09-27 13:23:11,,
957,Optimal Fronthaul Compression for Synchronization in the Uplink of Cloud Radio Access Networks,article,RN75,E. Heo; O. Simeone; H.Park,,1687-1499,http://dx.doi.org/10.1186/s13638-017-0804-8,2017-01-01,0000-00-00,,,EURASIP Journal on Wireless Communications and Networking,2017,1,22,,,,,,,,,,"A key problem in the design of cloud radio access networks (CRANs) is to devise effective baseband compression strategies for transmission on the fronthaul links connecting a remote radio head (RRH) to the managing central unit (CU). Most theoretical works on the subject implicitly assume that the RRHs, and hence the CU, are able to perfectly recover time synchronization from the baseband signals received in the uplink, and focus on the compression of the data fields. This paper instead does not assume a priori synchronization of RRHs and CU, and considers the problem of fronthaul compression design at the RRHs with the aim of enhancing the performance of time and phase synchronization at the CU. The problem is tackled by analyzing the impact of the synchronization error on the performance of the link and by adopting information and estimation-theoretic performance metrics such as the rate-distortion function and the Cramer-Rao bound (CRB). The proposed algorithm is based on the Charnes-Cooper transformation and on the Difference of Convex (DC) approach, and is shown via numerical results to outperform conventional solutions.",,,,,,,10.1186/s13638-017-0804-8,0,0,published,2017-04-26 11:36:22,2017-06-13 17:22:59,,
69,An Enhanced QAM-FBMC Scheme With Interference Mitigation,article,RN69,H. Han and H. Kim and N. Kim and H. Park,,1089-7798,,2016-01-01,0000-00-00,,,IEEE Communications Letters,20,11,2237-2240,,,,,,,,,,"Cyclic prefixed orthogonal frequency division multiplexing (CP-OFDM) has been used as a waveform for mobile communications, but CP-OFDM has weaknesses in an asynchronous heterogeneous network scenario. To overcome the disadvantage of CP-OFDM, a quadrature amplitude modulation (QAM)-filter-bank-based multi-carrier (FBMC) system is proposed to achieve superior spectrum confinement and better spectral efficiency. However, QAM-FBMC has inevitable performance degradation because of interferences from non-orthogonal filters. In this letter, we propose a decision feedback equalization (DFE)-based interference mitigation scheme for the QAM-FBMC system to cancel a residual interference. The interference from the filters of QAM-FBMC influences to other subcarriers and symbols, and it is modeled as an end-to-end system transfer function with para-Hermitian poly-nomial matrix form, equivalently. By spectral factorization of the system transfer function, the system response is transformed into causal, and the receiver detects the symbols successively. This letter describes the spectral factorization method and formulates the feed-forward and feedback filter of the DFE structure with the spectral factor of transfer function. Simulation results show the superiority of the proposed scheme to the conventional QAM-FBMC receiver scheme.",,,,,,,10.1109/LCOMM.2016.2604250,0,0,published,2017-04-18 18:07:52,2017-04-18 18:07:52,,
118,Beamforming Design for Full-Duplex Two-Way Amplify-and-Forward MIMO Relay,article,RN68,Y. Shim and W. Choi and H. Park,,1536-1276,,2016-01-01,0000-00-00,,,IEEE Transactions on Wireless Communications,15,10,6705-6715,,,,,,,,,,"We consider the full-duplex (FD) two-way amplify-and-forward relay system with imperfect cancellation of loopback self-interference (SI) and investigate joint design of relay and receive beamforming for minimizing the mean square error (MSE) under a relay transmit power constraint. Due to loopback channel estimation error and limitation of analog-to-digital converter, the loopback SI cannot be completely canceled. Multiple antennas at the relay can help loopback SI suppression, but beamforming is required to balance between the residual SI suppression and the desired signal transmission. Moreover, the relay beamforming matrix should be updated every time slot, because the residual SI in the previous time slot is amplified by the current beamforming matrix and added to the received signals from the two sources in the current time slot. We derive the optimally balanced relay beamforming and receive beamforming matrices in closed form based on minimum MSE, taking into account the propagation of the residual loopback SI from the first to the current time slot. We also propose beamforming design using only the channels of the $m$ latest time slots, not from the first time slot. Based on our numerical results, we also identify when FD is beneficial and propose selection between FD and half-duplex according to signal-to-noise ratio and interference-to-noise ratio.",,,,,,,10.1109/TWC.2016.2587768,0,0,published,2017-04-18 18:07:58,2017-04-18 18:07:58,,
119,Joint Relay Beamforming Design for Multilevel Nondistributed and Distributed Amplify-and-Forward Relay Networks,article,RN71,Y. Shim and K. Lee and H. Park,,0018-9545,,2016-01-01,0000-00-00,,,IEEE Transactions on Vehicular Technology,PP,99,1-1,,,,,,,,,,"This paper considers both nondistributed and distributed multilevel amplify-and-forward (AF) wireless relay networks. For a fair comparison, the nondistributed multilevel AF relay network consists of a one-source-one-destination pair and a relay at each level with multiple antennas, whereas the distributed network consists of a one-source-one-destination pair and multiple distributed relays at each level with a single antenna at each relay. In this paper, relay beamforming matrices are determined for both networks based on the minimum mean square error criterion. During data transmission, power is independently and individually constrained at the relays at each level. Finally, an iterative algorithm is proposed to solve the desired optimization problem.",,,,,,,10.1109/TVT.2016.2598178,0,0,published,2017-04-18 18:07:58,2017-04-18 18:07:58,,
124,The Effect of Void on Characteristics of LDMOS Power Amplifier,article,RN67,Mi‐Hyun Son and Sooho Bae and Hyuncheol Park and Hyuck M Kwon,,1098-2760,,2016-01-01,0000-00-00,,,Microwave and Optical Technology Letters,58,3,691-694,,,,,,,,,,"The effect of void on characteristics of the laterally diffused metal oxide semiconductor (LDMOS) power amplifier (PA) is analyzed using the thermal and circuit analysis together. Thermal analysis is performed for finding the junction temperature of LDMOS PA as void area changes. Circuit analysis is performed from these results and LDMOS PA libraries. The analysis results show the linearity, gain, and efficiency degradation in the LDMOS PA as a result of the increase in void area. And this simulation methodology can be used for the design of the PA. © 2016 Wiley Periodicals, Inc. Microwave Opt Technol Lett 58:691–694, 2016",,,,,,,,0,0,published,2017-04-18 18:07:58,2017-04-18 18:07:58,,
81,Asymptotic Sum Rate in Spatially Correlated Two-Cell Channel With User Scheduling,article,RN65,H. Kim and G. Kim and W. Choi and H. Park,,0018-9545,,2015-01-01,0000-00-00,,,IEEE Transactions on Vehicular Technology,64,3,1235-1243,,,,,,,,,,"Coordinated beamforming (CBF) provides improved sum rate with less overhead and computational complexity, and its theoretical performance analysis is mostly finished in a spatially uncorrelated environment. In this paper, we investigate the effect of spatial correlation on the sum rate of a two-cell multiuser downlink channel. We analyze the scaling laws of the sum rate with a large number of users. To improve the performance, different roles are assigned to the two cells: One is a master cell, and the other is a slave cell. The base station (BS) of the master cell requests the interference cancellation to the slave cell, and the BS of the slave cell performs precoding to cancel the interference influencing over the master cell, although the achievable rate of the slave cell is decreased. The decision of the master and slave cells can be affected by the number of users and the degree of spatial correlations. From computer-based simulations, we show that our proposed algorithm can achieve a higher sum rate than other previous approaches with lower overhead.",,,,,,,10.1109/TVT.2014.2329477,0,0,published,2017-04-18 18:07:54,2017-04-18 18:07:54,,
106,Centralized Two-Way AF MIMO Multiple Dispersed Relay Network,article,RN66,K. Lee and J. Yang and H. M. Kwon and H. Park and Y. H. Lee,,0018-9545,,2015-01-01,0000-00-00,,,IEEE Transactions on Vehicular Technology,64,5,2133-2138,,,,,,,,,,This paper considers a two-way amplify-and-forward (AF) multiple-input multiple-output (MIMO) relay network consisting of two sources (each with multiple antennas) and multiple physically dispersed single-antenna relays. A central station finds the optimum relay amplifying matrices and transmit/receive beamforming vectors explicitly and iteratively under the transmit power constraints at the sources and the relays. The minimum-mean-square-error criterion is used. Numerical results show that the proposed scheme outperforms the existing two-way AF MIMO network schemes proposed by Arti et al. and Wang et al.,,,,,,,10.1109/TVT.2014.2338075,0,0,published,2017-04-18 18:07:57,2017-04-18 18:07:57,,
66,Optimal Time Allocation for Two-Way Relay Channel Using Physical-Layer Network Coding,article,RN61,D. s. Cho and Y. Shim and H. Park,,1751-8628,,2014-01-01,0000-00-00,,,IET Communications,8,14,2469-2475,,,,,,,,,,"This study proposes an optimal time allocation scheme for two-way relay channel (TWRC) using the physical-layer network coding (PNC). In other words, this study analytically determines the optimal transmit time durations for the first and the second time slot, which maximise the achievable sum rate under a sum time constraint for a given squared magnitude of the channel coefficients and transmit power values. Numerical results show that the achievable sum rate for the proposed optimal time allocation is greater than or equal to that for equal time allocation.",,,,,,,10.1049/iet-com.2014.0253,0,0,published,2017-04-18 18:07:51,2017-04-18 18:07:51,,
67,Spin Nano–Oscillator–Based Wireless Communication,article,RN60,Hyun Seok Choi and Sun Yool Kang and Seong Jun Cho and Inn-Yeal Oh and Mincheol Shin and Hyuncheol Park and Chaun Jang and Byoung-Chul Min and Sang-Il Kim and Seung-Young Park and Chul Soon Park,,2045-2322,http://www.ncbi.nlm.nih.gov/pmc/articles/PMC4074786/,2014-01-01,0000-00-00,,,Scientific Reports,4,,5486,,,,,,,,,,"Spin–torque nano–oscillators (STNOs) have outstanding advantages of a high degree of compactness, high–frequency tunability, and good compatibility with the standard complementary metal–oxide–semiconductor process, which offer prospects for future wireless communication. There have as yet been no reports on wireless communication using STNOs, since the STNOs also have notable disadvantages such as lower output power and poorer spectral purity in comparison with those of LC voltage–controlled oscillators. Here we show that wireless communication is achieved by a proper choice of modulation scheme despite these drawbacks of STNOs. By adopting direct binary amplitude shift keying modulation and non–coherent demodulation, we demonstrate STNO–based wireless communication with 200–kbps data rate at a distance of 1 m between transmitter and receiver. It is shown, from the analysis of STNO noise, that the maximum data rate can be extended up to 1.48 Gbps with 1–ns turn–on time. For the fabricated STNO, the maximum data rate is 5 Mbps which is limited by the rise time measured in the total system. The result will provide a viable route to real microwave application of STNOs.",,,,,,,10.1038/srep05486,0,0,published,2017-04-18 18:07:52,2017-04-18 18:07:52,,
77,An Improved Cooperative Technique Sharing the Channel in OFDMA-Based System,article,RN64,Junpyo Jeon and Hyoung-Muk Lim and Hyuncheol Park and Hyoung-Kyu Song,,,,2014-01-01,0000-00-00,,,IEICE Transactions on Information and Systems,E97.D,12,3222-3225,,,,,,,,,,"Cooperative communication has been proposed to improve the disadvantages of the multiple-input multiple-output (MIMO) technique without using extra multiple antennas. In an orthogonal frequency division multiple access (OFDMA) system, a cooperative communication that each user shares their allocated sub-channels instead of the MIMO system has been proposed to improve the throughput. But the cooperative communication has a problem as the decreased throughput because it is necessary that users send and receive the information to each other to improve reliability. In this letter, the modified cooperative transmission scheme is proposed to improve reliability in the fading channel, and it can solve the problem for BER performance that is dependent on the errors in the first phase that exchanges the information between both users during the first time.",,,,,,,10.1587/transinf.2014EDL8024,1,0,published,2017-04-18 18:07:53,2017-04-18 18:07:53,,
89,A Coding Scheme for Visible Light Communication With Wide Dimming Range,article,RN57,J. Kim and H. Park,,1041-1135,,2014-01-01,0000-00-00,,,IEEE Photonics Technology Letters,26,5,465-468,,,,,,,,,,"For visible light communications (VLCs), dimming support is desirable to provide variable levels of lighting brightness. When error correction coding schemes are used for VLC systems, different code rates should be employed according to target dimming levels. In this letter, we propose a coding scheme, which can provide a wide range of brightness and a simple encoding/decoding structure for all different rates by using a rate-compatible punctured code. Puncturing patterns having the minimum bit error rate are provided by computer search. The results show that the VLC system with the proposed coding scheme can achieve optimum performances as well as a precise dimming support.",,,,,,,10.1109/LPT.2013.2296934,0,0,published,2017-04-18 18:07:55,2017-04-18 18:07:55,,
105,Closed Form of Optimum Cooperative Distributed Relay Amplifying Matrix,article,RN58,K. Lee and J. Yang and H. M. Kwon and H. Park and Y. H. Lee,,1536-1276,,2014-01-01,0000-00-00,,,IEEE Transactions on Wireless Communications,13,5,2741-2755,,,,,,,,,,"This paper presents a closed form of an optimal cooperative amplify-and-forward (AF) relay amplifying matrix for a distributed relay network of M-source-M-destination pairs and N relays, called a cooperative distributed AF relay network. The objective of this paper is to derive closed forms of minimum mean square error (MMSE)-based and zero-forcing (ZF)-based optimal AF relay amplifying matrices for the cooperative distributed AF relay network under the transmitter power constraint (TPC) at the relays, the receiver power constraint (RPC) at the destinations, and the no-power constraint (NPC) condition. Additionally, by substituting the derived optimum AF relay amplifying matrices into the original cost functions (CFs), the behavior of the optimum CFs and the total optimum signal component power (SCP) at the destinations are compared to each other for different cases. Finally, using the MMSE criterion, a novel relay selection scheme is proposed for the cooperative distributed AF relay network.",,,,,,,10.1109/TWC.2013.033114.131350,0,0,published,2017-04-18 18:07:56,2017-04-18 18:07:56,,
120,A Closed-Form Expression of Optimal Time for Two-Way Relay Using DF MABC Protocol,article,RN59,Y. Shim and H. Park,,1089-7798,,2014-01-01,0000-00-00,,,IEEE Communications Letters,18,5,721-724,,,,,,,,,,"In this paper, we propose the optimal time allocation for two-way relay using decode-and-forward (DF) multiple access broadcast (MABC) protocol. We analytically determine the optimal transmit time durations for the first and the second time slots, which maximize the achievable sum rate under a sum time constraint for a given squared magnitude of the channel coefficients and transmit power values. Numerical results show that the achievable sum rate of the optimal time allocation is greater than or equal to that of the equal time allocation.",,,,,,,10.1109/LCOMM.2014.022514.132755,0,0,published,2017-04-18 18:07:58,2017-04-18 18:07:58,,
123,PHY-Supported Frame Aggregation for Wireless Local Area Networks,article,RN63,C. Shin and H. Park and H. M. Kwon,,1536-1233,,2014-01-01,0000-00-00,,,IEEE Transactions on Mobile Computing,13,10,2369-2381,,,,,,,,,,"An aggregate medium access control (MAC) service data unit (A-MSDU) contains multiple subframes with a single sequence number. Hence, it has a major drawback in environments with high error rates because if any subframes are corrupted, then the entire A-MSDU will be lost. In addition, performance of the A-MSDU depends strongly on the choice of parameters, such as frame size, modulation level, coding rate, and spatial mode. In this paper, a novel link-adaptation mechanism, dubbed physical (PHY)supported frame aggregation (PSFA), is proposed over IEEE 802.11 networks, and its performance is analyzed. The proposed PSFA technique is based on a cross-layer interaction that enables joint optimization of various parameters between the PHY and MAC layers. This paper derives a new packet error rate (PER) expression for convolutionally coded multiple-input multiple-output orthogonal frequency division multiplexing (MIMO-OFDM) systems as an example. Then, this PER expression is used to efficiently estimate the link quality, given the channel conditions and system parameters, and most importantly, it is able to facilitate a parametric study of the cross-layer interaction. In the proposed PSFA algorithm, we present a rule for selecting the parameters so that MAC throughput is maximized. It is shown analytically and verified using Monte Carlo simulations that this choice of parameters can improve throughput performance significantly and also ensure quality of service (QoS) requirements compared to existing conventional algorithms.",,,,,,,10.1109/TMC.2014.2304393,0,0,published,2017-04-18 18:07:58,2017-04-18 18:07:58,,
94,New Subcarrier Allocation for Uplink-OFDMA Under Time-Varying Channels,article,RN55,K. Kim and H. Park and H. M. Kwon,,0090-6778,,2013-01-01,0000-00-00,,,IEEE Transactions on Communications,61,1,7-12,,,,,,,,,,"Inter-carrier interference (ICI) and multiuser interference (MUI) occur in an uplink orthogonal frequency division multiple access system if a channel between a mobile user and a base station is rapidly time-varying. To reduce the ICI and MUI, this letter proposes a subcarrier allocation method. The key idea is to allocate a high-speed user's subcarrier near a low-speed user's one. Then, a wide Doppler spread of a high-speed user can be spilled over a low-speed user's subcarrier band with insignificant influence, and the signal-to-interference-plus-noise ratio (SINR) at each high-speed user's subcarrier can be maximized. This can provide a significant performance improvement of multiuser detection in an uplink-OFDMA.",,,,,,,10.1109/TCOMM.2012.100512.110011,0,0,published,2017-04-18 18:07:55,2017-04-18 18:07:55,,
126,A Binary Space-Time Code for Additional Diversity Gains,article,RN56,B. Song and H. Park,,1536-1276,,2013-01-01,0000-00-00,,,IEEE Transactions on Wireless Communications,12,11,5780-5787,,,,,,,,,,"In this paper, we introduce a bit-interleaved binary space-time code (B-STC) for a coded multiple-input multiple-output (MIMO) system to obtain an additional diversity gain over the full-rate spatial multiplexing (SM) transmission. By applying the B-STC scheme, codeword bits from each stream are transmitted effectively through N_t or (N_t - 1) layers in N_r x N_t MIMO systems. At the receiver, the iterative decoding is performed. The extrinsic information provided by the soft-in/soft-out (SISO) decoder is applied as an improved priori information after the B-STC decoding at the next iteration. Since a priori information can be extracted from multiple layers independently by the B-STC scheme, codeword bits have an improved diversity gain of (N_t - 1). In order to verify the proposed scheme, we derive the asymptotic bit error probability, which can be achieved after convergence of the iterative decoder. Because the proposed B-STC scheme is a binary code for coded MIMO systems, different types of channel codes and various space-time codes can be also concatenated.",,,,,,,10.1109/TWC.2013.093013.130107,0,0,published,2017-04-18 18:07:59,2017-04-18 18:07:59,,
68,A Spatial-Domain Joint-Nulling Method of Self-Interference in Full-Duplex Relays,article,RN53,B. Chun and H. Park,,1089-7798,,2012-01-01,0000-00-00,,,IEEE Communications Letters,16,4,436-438,,,,,,,,,,"In this letter, a spatial-domain joint-nulling method is proposed as a new means of suppressing the self-interference (or echo) occurring in full-duplex relays. Both amplify-and-forward (AF) and decode-and-forward (DF) type relays are considered. While the conventional method searches for the relay processing matrix from a discrete set of basis vectors obtained from the singular value decomposition (SVD) of the echo channel, the proposed method directly solves the optimal relay processing matrix over a continuous domain. As a result, it is shown that the proposed approach gives better performance than the conventional one in terms of the achievable rate.",,,,,,,10.1109/LCOMM.2012.020712.111733,0,0,published,2017-04-18 18:07:52,2017-04-18 18:07:52,,
93,Optimum Clustered Pilot Sequence for OFDM Systems Under Rapidly Time-Varying Channel,article,RN54,K. Kim and H. Park and H. M. Kwon,,0090-6778,,2012-01-01,0000-00-00,,,IEEE Transactions on Communications,60,5,1357-1370,,,,,,,,,,"As channel time-variation increases, orthogonality among subcarriers in an orthogonal frequency division multiplexing (OFDM) symbol can be destroyed because of the relatively long symbol period, whereupon intercarrier interference (ICI) appears, and hence an irreducible error floor occurs. It was shown recently that grouping pilot tones into a number of equally spaced clusters can yield better channel estimation against the doubly selective channel than placing each pilot tone in an equally spaced manner. However, a random pilot sequence was used in the literature, and an optimal sequence has not yet been studied. This paper presents how to optimize the clustered pilot sequence. First, this paper (a) proves the existence of an optimum pilot sequence and (b) suggests a guideline for finding an optimum sequence. Second, this paper shows that an optimum sequence is independent of the signal-to-noise ratio and Doppler rate, and the sequence is generally optimum for any channels. Third, this paper verifies through analysis and simulation that the coded-OFDM system with an optimized cluster pilot sequence can yield a smaller mean square channel estimation error and lower bit error rate than the system with an equidistance pilot or a random cluster pilot under a rapidly time-varying channel.",,,,,,,10.1109/TCOMM.2012.032012.100508,0,0,published,2017-04-18 18:07:55,2017-04-18 18:07:55,,
125,A Binary Space-Time Code for MIMO Systems,article,RN52,B. Song and N. Kim and H. Park,,1536-1276,,2012-01-01,0000-00-00,,,IEEE Transactions on Wireless Communications,11,4,1350-1357,,,,,,,,,,"In this paper, we introduce a simple bit-interleaved binary space-time code (B-STC) for a coded multi-input multi-output (MIMO) system to obtain an increase in information rate, where two transmit and two receive antennas are used. We derive a probability density function (pdf) of log-likelihood ratio (LLR) for the B-STC decoder output and approximate it with the pdf of MIMO detector output having the degraded SNR. The average bit error probability at the i-th iteration is represented in terms of moment generating function with differently distributed SNRs. Although the iterative decoder in the B-STC structure increases the computational complexity, the number of iterations i is not large (i&amp;#x2264;3). Because the proposed B-STC scheme is a binary code for MIMO systems, different types of channel codes and various space-time codes can be concatenated. To achieve near-capacity performance on MIMO channels, an iterative receiver structure with a soft interference cancellation scheme can be also adopted as an outer iteration. And the proposed scheme can be extended to arbitrary number of transmit and receive antennas.",,,,,,,10.1109/TWC.2012.021412.101510,0,0,published,2017-04-18 18:07:59,2017-04-18 18:07:59,,
80,The Effects of Spatial Correlation on Multiple Antenna Techniques With Multiuser Scheduling,article,RN47,Haelyong Kim and Wan Choi and Hyuncheol Park,,,,2011-01-01,0000-00-00,,,IEICE Transactions on Communications,E94.B,2,591-594,,,,,,,,,,"This letter investigates the effects of spatial correlation on several multiple antenna schemes in multiuser environments. Using an order statistics upper bound on achievable capacity, we quantify the interaction among spatial correlation, spatial diversity, spatial multiplexing and multiuser diversity. Also, it is verified that the upper bound is tighter than asymptotic capacity when the number of users is relatively small.",,,,,,,10.1587/transcom.E94.B.591,1,0,published,2017-04-18 18:07:54,2017-04-18 18:07:54,,
92,Rate-Compatible SFBC-OFDM Under Rapidly Time-Varying Channels,article,RN51,K. Kim and H. Park and H. M. Kwon,,0090-6778,,2011-01-01,0000-00-00,,,IEEE Transactions on Communications,59,8,2070-2077,,,,,,,,,,"An inter-carrier interference (ICI) occurs in an orthogonal frequency division multiplexing (OFDM) system when a channel is rapidly time-varying. The proposed scheme employs a polynomial cancellation code (PCC) to suppress this ICI, and uses a linear complex field (LCF) code as a transmit-diversity technique to make the transmission rate compatible up to n&lt;sub&gt;T&lt;/sub&gt; / (n&lt;sub&gt;T&lt;/sub&gt;+1), where n&lt;sub&gt;T&lt;/sub&gt; is the number of transmit antennas used. The conventional orthogonal code (OC), such as the Alamouti code, with accompanying PCC cannot achieve this rate. Both analysis and simulation results verify that the proposed scheme can achieve higher channel capacity as well as lower bit error rate (BER) than the other schemes in rapidly time-varying channels, even with a linear receiver and inaccurate channel estimation.",,,,,,,10.1109/TCOMM.2011.053111.090181,0,0,published,2017-04-18 18:07:55,2017-04-18 18:07:55,,
101,Improved Stopping Set Elimination by Parity-Check Matrix Extension of LDPC Codes,article,RN49,S. Kim and J. Heo and H. Park,,1089-7798,,2011-01-01,0000-00-00,,,IEEE Communications Letters,15,5,557-559,,,,,,,,,,"Stopping sets associated with a parity-check matrix of low-density parity-check codes limit the performance of iterative decoding over the binary erasure channel. In this letter, we propose a parity-check matrix extension scheme that eliminates stopping sets of small sizes. The results show that our proposed scheme provides significant performance improvement compared to previously known parity-check matrix extension schemes.",,,,,,,10.1109/LCOMM.2011.032811.102095,0,0,published,2017-04-18 18:07:56,2017-04-18 18:07:56,,
103,Modulations for Visible Light Communications With Dimming Control,article,RN50,K. Lee and H. Park,,1041-1135,,2011-01-01,0000-00-00,,,IEEE Photonics Technology Letters,23,16,1136-1138,,,,,,,,,,"Visible light communication (VLC) uses solid-state lightings to transmit information; therefore, it is necessary that modulation schemes for VLC provide dimming control. In this letter, we propose a multiple pulse position modulation (MPPM) to offer both functions of modulating data-stream and controlling the brightness at the same time. According to the dimming level, we control the number of pulses of MPPM in one symbol duration. We analyze communication performance in terms of the normalized power requirement and spectral efficiency. From our studies, we show that MPPM is superior to variable on-off keying (VOOK) and variable pulse position modulation (VPPM) proposed in the IEEE 802.15 VLC task group.",,,,,,,10.1109/LPT.2011.2157676,0,0,published,2017-04-18 18:07:56,2017-04-18 18:07:56,,
104,Indoor Channel Characteristics for Visible Light Communications,article,RN46,K. Lee and H. Park and J. R. Barry,,1089-7798,,2011-01-01,0000-00-00,,,IEEE Communications Letters,15,2,217-219,,,,,,,,,,"In this letter, we present indoor multipath dispersion characteristics for visible light communications (VLC). Since the VLC uses a wide spectrum between 380 nm and 780 nm, the conventional narrowband model for infrared may not apply. We generalize the Barry's model by including wavelength-dependent white LED characteristics and spectral reflectance of indoor reflectors. We perform a computer simulation to compare the power delay profile of the VLC with that of infrared communications. From our studies, we show that the VLC provides a larger transmission bandwidth than infrared communications.",,,,,,,10.1109/LCOMM.2011.010411.101945,0,0,published,2017-04-18 18:07:56,2017-04-18 18:07:56,,
121,High-Throughput Low-Complexity Link Adaptation for MIMO BIC-OFDM Systems,article,RN48,C. Shin and H. Kim and K. J. Kim and H. Park,,0090-6778,,2011-01-01,0000-00-00,,,IEEE Transactions on Communications,59,4,1078-1088,,,,,,,,,,"This paper introduces a new link adaptation (LA) approach called the adaptive modulation, coding, and spatial mode (AMCS) scheme for multiple-input multiple-output bit-interleaved coded orthogonal frequency division multiplexing (MIMO BIC-OFDM) systems. The AMCS technique can provide both minimal performance degradation and significant throughput gain by controlling the spatial streams. With this technique, we can derive a simple and accurate closed-form expression of an instantaneous bit error rate (I-BER). Based on the I-BER, the proposed AMCS scheme chooses an appropriate modulation, coding, and spatial mode (MCS) type that improves the system performance while satisfying the quality of service (QoS) requirement. A simplified MCS type search method is also proposed, which allows the receiver to effectively select a MCS type and then send it back to the transmitter by using only a small amount of information bits. The simulation results confirm the superiority of the proposed AMCS approach over conventional LA schemes in trading high-throughput for reduced complexity.",,,,,,,10.1109/TCOMM.2011.012711.100141,0,0,published,2017-04-18 18:07:58,2017-04-18 18:07:58,,
82,Performance of Multiuser Transmit Diversity in Spatially Correlated Channels,article,RN45,H. Kim and N. Kim and W. Choi and H. Park,,1089-7798,,2010-01-01,0000-00-00,,,IEEE Communications Letters,14,9,824-826,,,,,,,,,,"This paper investigates the performance of an Alamouti coding based transmit diversity scheme with multiuser max-scheduling in spatially correlated channels. An exact closed form of ergodic capacity is derived, and bit error rate (BER) analysis is performed with a log likelihood radio (LLR) approach for two transmit antennas case. Our analytical and numerical results verify a positive effect of spatial correlation on multiuser diversity in terms of ergodic capacity. We show, however, that spatial correlation is beneficial in terms of BER until a certain signal-to-noise ratio (SNR) level while it hurts BER as SNR increases compared with ergodic capacity.",,,,,,,10.1109/LCOMM.2010.080410.100909,0,0,published,2017-04-18 18:07:54,2017-04-18 18:07:54,,
102,An Efficient CP Compensation for SC-FDE With Insufficient CP Symbols,article,RN43,H. Lee and Y. Lee and H. Park,,1089-7798,,2010-01-01,0000-00-00,,,IEEE Communications Letters,14,6,548-550,,,,,,,,,,"In this letter, we propose a method to mitigate interferences for single carrier frequency domain equalization (SC-FDE) with insufficient cyclic prefix (CP) symbols. The resultant channel matrices are not circulant due to some missing symbols. Unlike OFDM, however, the reconstruction of missing symbols using the estimated symbols is not effective. We propose that these missing symbols may be filled with the symbols in the following received block when the channel is static over the consecutive blocks. Since this method does not require estimation of symbols, the precision of detection can be enhanced. The improvement in the performance of this method is still limited since interferences are not completely removed. An iterative interference cancellation method is used to remove the residual interferences. The performance of proposed method is verified by simulations.",,,,,,,10.1109/LCOMM.2010.06.092435,0,0,published,2017-04-18 18:07:56,2017-04-18 18:07:56,,
108,Performance of MC-CDM Systems With MMSEC Over Rayleigh Fading Channels,article,RN44,Y. Lee and N. Kim and H. Park,,0018-9545,,2010-01-01,0000-00-00,,,IEEE Transactions on Vehicular Technology,59,6,3126-3130,,,,,,,,,,"In this paper, we investigate the performance of multicarrier code-division multiplexing (MC-CDM) systems with minimum mean square error combining (MMSEC) over a Rayleigh fading channel. An approximated expression on the symbol error rate (SER) for MMSEC is derived. The approximated expression provides an accurate approximation of the true SER, particularly for systems with higher modulation and a small spreading factor. Through the derived error performances, we also calculate the achievable diversity order. MC-CDM systems with MMSEC achieve the same asymptotical diversity order of 1, regardless of the spreading factor. Within practical signal-to-noise ratio (SNR) ranges, the effective diversity order is further increased as a larger spreading factor is used. The derived analytical expressions are verified by numerical and simulation results.",,,,,,,10.1109/TVT.2010.2046506,0,0,published,2017-04-18 18:07:57,2017-04-18 18:07:57,,
100,Bit Error Performance of Convolutional Coded MIMO System With Linear MMSE Receiver,article,RN42,N. Kim and H. Park,,1536-1276,,2009-01-01,0000-00-00,,,IEEE Transactions on Wireless Communications,8,7,3420-3424,,,,,,,,,,"In this letter, we introduce an analytical expression to the coded bit error rate (BER) of a MIMO system with a linear minimum mean square error (MMSE) receiver. We derive the moment generating function (MGF) of the SINR for arbitrary antenna configurations from the cumulative density function of SINR.We show that the moment generating function of the SINR at the MMSE detector output can be used to estimate the BER performance of a coded MIMO system. The analysis is simple and gives an accurate BER estimation at a high SNR. Based on the analytical and simulated results, the diversity order is dependent on the antenna configuration and the free distance of the convolutional code. Finally, we compare the analytical expression with simulated results for validation.",,,,,,,10.1109/TWC.2009.080938,0,0,published,2017-04-18 18:07:56,2017-04-18 18:07:56,,
107,BER Performance of Downlink MC-CDMA With ORC in Nakagami-&Lt;I&Gt;M&Lt;/I&Gt; Fading Channel,article,RN41,Yusung Lee and Namshik Kim and Hyuncheol Park,,,,2009-01-01,0000-00-00,,,IEICE Transactions on Communications,E92.B,4,1349-1352,,,,,,,,,,"In this letter, we derive an exact bit error rate (BER) expression for downlink multi-carrier code division multiple access (MC-CDMA) systems with orthogonal restoring combining (ORC) in Nakagami-m fading channel. A simple approximated expression is also provided. For uncoded and coded MC-CDMA systems, the BER expressions are calculated based on the moment generating function (MGF) of the combined fading random variable. The derived analytic expressions are verified by simulation results.",,,,,,,10.1587/transcom.E92.B.1349,1,0,published,2017-04-18 18:07:57,2017-04-18 18:07:57,,
109,A RAKE Receiver With an ICI/ISI Equalizer for a CCK Modem,article,RN39,Y. Lee and H. Park,,0018-9545,,2009-01-01,0000-00-00,,,IEEE Transactions on Vehicular Technology,58,1,198-206,,,,,,,,,,"In this paper, we first derive the theoretical performance of a complementary code keying (CCK) code on an additive white Gaussian noise (AWGN) channel and over a multipath channel. To derive the error performance, we use the weight and cross-correlation distributions of the CCK code for optimal and suboptimal decoding, respectively, based on union bound. In addition, we propose a RAKE receiver for a CCK modem, which is suitable for a multipath environment with a large delay spread. The RAKE receiver principle is acceptable for modest multipath because it can coherently combine multipath components to provide signal-to-noise ratio (SNR) enhancement. However, as the delay spread is larger and the data rate of systems goes higher, intersymbol interference (ISI) generated due to multipath environments are increased. To handle the increasing ISI, the CCK modem needs an equalization technique to remove the ISI, together with RAKE processing. Thus, our proposed system is based on a channel matched filter (CMF) with a decision feedback equalizer (DFE). The CMF is applied for RAKE processing, whereas the DFE structure is used for ISI cancellation. In our system, ISI is calculated and removed by using a decoded CCK codeword.",,,,,,,10.1109/TVT.2008.925001,0,0,published,2017-04-18 18:07:57,2017-04-18 18:07:57,,
117,Preamble Design for Joint Estimation of CFO and I/Q Imbalance for Direct Conversion OFDM System,article,RN40,J. Park and Y. Lee and H. Park,,1751-8628,,2009-01-01,0000-00-00,,,IET Communications,3,4,597-602,,,,,,,,,,"This paper proposes a preamble structure for joint estimation of carrier frequency offset (CFO) and I/Q imbalance. Because existing methods cannot guarantee correct solutions within all range of CFOs, we derive two constraints of phase rotations applied to repetition patterns. By using the preamble based on the presented constraints, CFO is optimally estimated, and I/Q imbalance estimation is possible in all ranges of CFO with low complexity. Numerical results verify the importance and necessity of these constraints for joint estimation.",,,,,,,10.1049/iet-com.2008.0249,0,0,published,2017-04-18 18:07:58,2017-04-18 18:07:58,,
65,Low Complexity Tree Searching-Based Iterative Precoding Techniques for Multiuser MIMO Broadcast Channel,article,RN35,Jongsub Cha and Kyungho Park and Joonhyuk Kang and Hyuncheol Park,,,,2008-01-01,0000-00-00,,,IEICE Transactions on Communications,E91.B,6,2045-2048,,,,,,,,,,"In this letter, we propose two computationally efficient precoding algorithms that achieve near-ML performance for multiuser MIMO downlink. The proposed algorithms perform tree expansion after lattice reduction. The first full expansion is tried by selecting the first level node with a minimum metric, constituting a reference metric. To find an optimal sequence, they iteratively visit each node and terminate the expansion by comparing node metrics with the calculated reference metric. By doing this, they significantly reduce the number of undesirable node visit. Monte-Carlo simulations show that both proposed algorithms yield near-ML performance with considerable reduction in complexity compared with that of the conventional schemes such as sphere encoding.",,,,,,,10.1093/ietcom/e91-b.6.2045,1,0,published,2017-04-18 18:07:51,2017-04-18 18:07:51,,
71,Enhanced Lattice-Reduction Precoding Using List Quantizer for Multi-antenna Multi-user Communication,article,RN30,Sooyoung Hur and Namshik Kim and Hyuncheol Park and Joonhyuk Kang,,,,2008-01-01,0000-00-00,,,IEICE Transactions on Communications,E91.B,1,351-354,,,,,,,,,,"Based on an analysis of the error patterns in lattice-reduction (LR) precoding in a multiple-antenna broadcast channel, this paper proposes a simple precoding technique that can reduce the quantization error. The proposed scheme establishes a lattice list to provide more can-didates for transmission power reduction based on the analysis of the patterns of the error in the LR precoding method [9]. Simulation results show that the proposed scheme matches the BER performance of more complex precedents (such as the vector perturbation using sphere encoding) with significant saving in complexity.",,,,,,,10.1093/ietcom/e91-b.1.351,1,0,published,2017-04-18 18:07:52,2017-04-18 18:07:52,,
83,Approaching Maximum-Likelihood Performance With Reduced Complexity for a Double Space-Time Transmit Diversity System,article,RN34,H. Kim and H. Park,,1751-8628,,2008-01-01,0000-00-00,,,IET Communications,2,5,682-689,,,,,,,,,,"A reduced-complexity detector approaching maximum-likelihood (ML) detection performance is presented for the double space-time transmit diversity system. The proposed scheme exploits both the special structure of equivalent channel matrix and decision-feedback detection. This accounts for accomplishing near-ML or ML performance with significantly relieved computational loads. Moreover, to moderate the average complexity, several distance metric selection criteria are proposed. We can control performance and computational savings according to different distance metric selection rules. Numerical results show that the proposed detector requires significantly fewer computations than that of the Schnorr-Euchner sphere-decoding algorithm in terms of both the worst-case and the average complexity.",,,,,,,10.1049/iet-com:20070305,0,0,published,2017-04-18 18:07:54,2017-04-18 18:07:54,,
84,An Efficient Maximum-Likelihood Detector for Four-Transmit-Antenna Quasi-orthogonal Space-Time Block Code,article,RN32,Hyounkuk Kim and Hyuncheol Park,,,,2008-01-01,0000-00-00,,,IEICE Transactions on Communications,E91.B,2,666-668,,,,,,,,,,"This letter deals with computationally efficient maximumlikelihood (ML) detection for the quasi-orthogonal space-time block code (QOSTBC) with four transmit antennas. The proposed ML detector uses a permutation based real-valued equivalent channel matrix representation. As a result, the complexity of ML detection problem is moderated from O(2|A|2) to O(4|A|), where |A| is modulation order. Numerical results show that the proposed ML detector provides ML performance and achieves greatly high computational savings.",,,,,,,10.1093/ietcom/e91-b.2.666,1,0,published,2017-04-18 18:07:54,2017-04-18 18:07:54,,
85,Reduced-Complexity Near-ML Detector for a Coded DSTTD-OFDM System,article,RN37,Hyounkuk Kim and Hyuncheol Park,,,,2008-01-01,0000-00-00,,,IEICE Transactions on Communications,E91.B,11,3749-3752,,,,,,,,,,"This letter introduces an efficient near-maximum likelihood (ML) detector for a coded double space-time transmit diversity-orthogonal frequency division multiplexing (DSTTD-OFDM) system. The proposed near-ML detector constructs a candidate vector set through a relaxed minimization method. It reduces computational loads from $mathcalO(2|mathcalA|^2)$ to $mathcalO(|mathcalA|^2)$, where $|mathcalA|$ is the modulation order. Numerical results indicate that the proposed near-ML detector provides both almost ML performance and considerable complexity savings.",,,,,,,10.1093/ietcom/e91-b.11.3749,1,0,published,2017-04-18 18:07:54,2017-04-18 18:07:54,,
86,Simplified Maximum-Likelihood Detection for a Coded DSTTD-OFDM System,article,RN33,Hyounkuk Kim and Hyuncheol Park,,,,2008-01-01,0000-00-00,,,IEICE Transactions on Communications,E91.B,3,959-962,,,,,,,,,,"We present a low-complexity maximum likelihood (ML) detector for a coded double space-time transmit diversity-orthogonal frequency division multiplexing (DSTTD-OFDM) system. The proposed ML detector exploits properties of two permuted equivalent channel matrices and multiple decision-feedback (DF) detections. This can reduce computational efforts from O(|A|4) to O(2|A|2) with maintaining ML performance, where |A| is the modulation order. Numerical results shows that the proposed ML detector obtains ML performance and requires remarkably lower computational loads compared with the conventional ML detector.",,,,,,,10.1093/ietcom/e91-b.3.959,1,0,published,2017-04-18 18:07:54,2017-04-18 18:07:54,,
97,Performance Analysis of MIMO System With Linear MMSE Receiver,article,RN38,N. Kim and Y. Lee and H. Park,,1536-1276,,2008-01-01,0000-00-00,,,IEEE Transactions on Wireless Communications,7,11,4474-4478,,,,,,,,,,"This paper considers the uncoded multiple-input multiple-output (MIMO) system with linear minimum mean square error (MMSE) detection under ideal fast fading. The distribution of SINR at the output of the MMSE detection is derived for a small number of transmit and receive antennas. We present new approximation for the Gaussian Q-function driven by numerical simulation. Based on the SINR distribution and new approximation for Q-function, we analyze the performance of linear MMSE detection under ideal fast fading environment. By comparing the analytical results and Monte Carlo simulated results, we validate the analytical results.",,,,,,,10.1109/T-WC.2008.070785,0,0,published,2017-04-18 18:07:56,2017-04-18 18:07:56,,
99,Low-Complexity Iterative Equalisation and Decoding for Wireless Optical Communications [Optical Wireless Communications],article,RN31,N. Kim and H. Park,,1751-8628,,2008-01-01,0000-00-00,,,IET Communications,2,1,61-65,,,,,,,,,,"A low-complexity scheme of iterative equalisation and decoding by combining a recursive systematic convolutional code and a pulse-position modulation is proposed here. A graph- based equalisation for intersymbol interference (ISI) known at both transmitter and receiver is considered. By representing the memory channel with ISI as the factor graph and applying sum-product (SP) algorithm to this graph, a posteriori probability (APP) of the desired symbol necessary to implement iterative equalisation and decoding is derived. A partial response precoding is used to reduce the span of ISI from a possible infinite number of two baud periods. This precoding scheme makes the factor graph of memory channel cycle-free, and SP algorithm for combating ISI converges to an optimum detection. Numerical results show that the proposed low-complexity strategy has almost the same performance as the optimum turbo equalisation.",,,,,,,10.1049/iet-com:20060388,0,0,published,2017-04-18 18:07:56,2017-04-18 18:07:56,,
122,Improved Decision-Feedback Detection Schemes for STBC Over Time-Selective Fading Channels,article,RN36,Cheolkyu Shin and Hyounkuk Kim and Hyuncheol Park,,,,2008-01-01,0000-00-00,,,IEICE Transactions on Communications,E91.B,9,3013-3016,,,,,,,,,,"This letter proposes two efficient decision-feedback (DF) detection schemes for space-time block code (STBC) over time-selective fading channels. The existing DF detection causes error propagation when the first symbol is not detected correctly. However, the proposed detection schemes provide two candidates according to a channel gain or an average log-likelihood ratio (LLR) based selection rule and choose a better candidate for the first symbol. Simulation results show that the proposed detection schemes reduce error propagation and yield significant signal-to-noise ratio (SNR) gain with moderate complexity, compared to the existing DF detection scheme.",,,,,,,10.1093/ietcom/e91-b.9.3013,1,0,published,2017-04-18 18:07:58,2017-04-18 18:07:58,,
72,A V-BLAST System Using Modulation Set Selection for Reduced-Complexity Tree Searching in the QRD-M Algorithm,article,RN29,KIM Hyounkuk and JEON Kihwan and KANG Joonhyuk,,1745-1345,,2007-01-01,0000-00-00,,,IEICE transactions on communications,90,12,3665-3669,,,,,,,,,,"This letter presents a new vertical Bell Labs layered space-time (V-BLAST) transmission scheme for developing low-complexity tree searching in the QRD-M algorithm. In the new V-BLAST system, we assign modulation scheme in ascending order from top to bottom tree branches. The modulation set to be assigned is decided by two criteria: minimum performance loss and maximum complexity reduction. We also propose an open-loop power allocation algorithm to surmount the performance loss. Numerical results show that the proposed V-BLAST transmission approach can significantly reduce the computational loads of the QRD-M algorithm with a slight performance degradation.",,,,,,,,0,0,published,2017-04-18 18:07:52,2017-04-18 18:07:52,,
78,Efficient DFT-Based Channel Estimation for OFDM Systems on Multipath Channels,article,RN27,Y. Kang and K. Kim and H. Park,,1751-8628,,2007-01-01,0000-00-00,,,IET Communications,1,2,197-202,,,,,,,,,,"An improved discrete Fourier transform (DFT)-based channel estimation for orthogonal frequency division multiplexing systems is proposed. Conventional DFT-based channel estimations improve the performance by suppressing time domain noise. However, they potentially require information on channel impulse responses and may also result in mean-square error (MSE) floor due to incorrect channel information such as channel delay spread. In contrast, our purposed channel estimation can improve the performance by deciding significant channel taps adaptively without requiring any channel statistical information. Significant channel taps are detected on the basis of a predetermined threshold. The optimal threshold to reduce the MSE of the estimation is also derived, and it is confirmed by computer simulation. Simulation results demonstrate that the proposed algorithm can improve the MSE performance ~6.5 dB compared with the conventional DFT-based estimation, and the MSE floor is not observed in any channels.",,,,,,,10.1049/iet-com:20050337,0,0,published,2017-04-18 18:07:53,2017-04-18 18:07:53,,
88,Modified Enhanced Max-Log-Maximum a Posteriori Algorithm Using Variable Scaling Factor,article,RN28,J. Kim and J. Kim and H. Park and B. Kim and S. Park,,1751-8628,,2007-01-01,0000-00-00,,,IET Communications,1,5,1061-1066,,,,,,,,,,"Using a variable scaling factor (VSF), a modified enhanced max-log-maximum a posteriori (EMLMAP) algorithm is proposed to improve the performance of the conventional EMLMAP algorithm which uses a fixed SF. The VSF, maximising the mutual information exchanged between component decoders in a turbo decoder, is adaptively varied with a priori information of each component decoder. For a large size of interleaver, it is shown that the proposed algorithm improves the bit error rate performance and speed of decoding convergence of the conventional EMLMAP algorithm. The improved speed of the decoding convergence reduces the average number of iterations and results in low-power implementations of a turbo decoder.",,,,,,,10.1049/iet-com:20060632,0,0,published,2017-04-18 18:07:54,2017-04-18 18:07:54,,
91,High Speed Transmission for a Coaxial Cable Based In-Home Network,article,RN25,K. Kim and J. Lee and Y. Lee and J. Kang and H. Park,,0098-3063,,2006-01-01,0000-00-00,,,IEEE Transactions on Consumer Electronics,52,2,430-435,,,,,,,,,,"The in-home network is a crucial system for ubiquitous multimedia environments, in order to provide economical and effective high data rate transmission, we propose a transmission scheme based on the multi-carrier technique. We employ a coaxial cable channel as the transmission medium deployed for cable television (CATV). Through experiments, we show that it is possible to transmit a signal centered at 1.2 GHz with 528 MHz bandwidth without giving severe interference to the CATV system. With this observation, we propose an orthogonal frequency division multiplexing (OFDM)-based transmission scheme motivated by successful implementation of multiband OFDM (MB-OFDM) as the short range wireless transmission medium. The proposed OFDM-based system with several elementary techniques specialized in the coaxial cable for home network (CoHoNet) can achieve robust transmission over several experimental channel realizations with low power consumption.",,,,,,,10.1109/TCE.2006.1649660,0,0,published,2017-04-18 18:07:55,2017-04-18 18:07:55,,
111,Low Complexity LMMSE Channel Estimation for OFDM,article,RN26,M. Noh and Y. Lee and H. Park,,1350-2425,,2006-01-01,0000-00-00,,,IEE Proceedings - Communications,153,5,645-650,,,,,,,,,,"The authors propose low complexity versions of a linear minimum mean square error (LMMSE) channel estimator for orthogonal frequency division multiplexing (OFDM) systems. They partition the channel autocorrelation matrix in the LMMSE estimator into small sub-matrices. The size of sub-matrix is determined by channel coherence bandwidth, a range of highly correlated channel frequency responses. Since the proposed estimator uses small sub-matrices instead of the whole channel auto-correlation matrix, the complexity is significantly reduced in spite of slight performance degradation. The performance of mean square error (MSE) has been evaluated in an exponential decay channel model through computer simulation to verify the validities of proposed schemes",,,,,,,10.1049/ip-com:20050026,0,0,published,2017-04-18 18:07:57,2017-04-18 18:07:57,,
75,A New Enhanced Coding Scheme for Robust Bit-Stream of ATSC DTV,article,RN23,Kim Jaebum and Kim Namshik and Ji Kumran and Kim Seungwon and Park Hyuncheol,,0098-3063,,2005-01-01,0000-00-00,,,IEEE Transactions on Consumer Electronics,51,2,457-462,,,,,,,,,,"In this paper a new enhanced coding scheme of ATSC DTV standard is presented. The proposed coding scheme is a modified trellis codes of enhanced 8-VSB for robust bit-stream mode. By computing the distance spectrum, we derive the theoretical upper bound on the first event error probability of the proposed trellis codes. Based on the derivation, the proposed coding scheme has slightly better performance on AWGN channel than the conventional enhanced S-VSB coding scheme at high signal-to-noise ratio (SNR). We also show that the proposed coding scheme has better performance than any existing coding schemes of ATSC DTV standard by using the Monte Carlo simulations.",,,,,,,10.1109/TCE.2005.1467987,0,0,published,2017-04-18 18:07:53,2017-04-18 18:07:53,,
74,Trellis-Coded Multiple-Pulse-Position Modulation for Wireless Infrared Communications,article,RN20,Park Hyuncheol and J. R. Barry,,0090-6778,,2004-01-01,0000-00-00,,,IEEE Transactions on Communications,52,4,643-651,,,,,,,,,,"We present new trellis codes based on multiple-pulse-position modulation (MPPM) for wireless infrared communication. We assume that the receiver uses maximum-likelihood sequence detection to mitigate the effects of channel dispersion, which we model using a first-order lowpass filter. Compared to trellis codes based on PPM, the new codes are less sensitive to multipath dispersion and offer better power efficiency when the desired bit rate is large, compared with the channel bandwidth. For example, when the bit rate equals the bandwidth, trellis-coded (17 2)-MPPM requires 1.4 dB less optical power than trellis-coded 16-PPM having the same constraint length.",,,,,,,10.1109/TCOMM.2004.826382,0,0,published,2017-04-18 18:07:53,2017-04-18 18:07:53,,
96,An Improvement of UMP-BP Decoding Algorithm Using the Minimum Mean Square Error Linear Estimator,article,RN22,Namshik Kim and Jaebum Kim and Hyuncheol Park and Seung-Bum Suh,,1225-6463,,2004-01-01,0000-00-00,,,ETRI Journal,26,5,432-436,,,,,,,,,,"In this paper, we propose the modified uniformly most powerful (UMP) belief-propagation (BP)-based decoding algorithm which utilizes multiplicative and additive factors to diminish the errors introduced by the approximation of the soft values given by a previously proposed UMP BP-based algorithm. This modified UMP",,,,,,,http://dx.doi.org/10.4218/etrij.04.0703.0019,0,0,published,2017-04-18 18:07:55,2017-04-18 18:07:55,,
98,Modified UMP-BP Decoding Algorithm Based on Mean Square Error,article,RN21,N. Kim and H. Park,,0013-5194,,2004-01-01,0000-00-00,,,Electronics Letters,40,13,816-817,,,,,,,,,,"The modified uniformly most powerful belief-propagation (UMP-BP) decoding algorithm is proposed. This utilises a new normalisation factor to diminish the error introduced by approximation of the soft values. The proposed algorithm shows better performance than the normalisation UMP-BP algorithm, and has the same complexity of implementation.",,,,,,,10.1049/el:20040551,0,0,published,2017-04-18 18:07:56,2017-04-18 18:07:56,,
114,Performance Bound on Multiple-Pulse Position Modulation,article,RN18,Hyuncheol Park,,1349-9432,http://dx.doi.org/10.1007/s10043-003-0131-7,2003-01-01,0000-00-00,,,Optical Review,10,3,131-132,,,,,,,,,,"In this paper we derive the performance bound on multiple-pulse position modulation (MPPM). We compare this bound with power and bandwidth efficiency of MPPM derived from the error probability, cutoff rate, and inverse pulse width approximation expressions.",,,,,,,10.1007/s10043-003-0131-7,0,0,published,2017-04-18 18:07:57,2017-04-18 18:07:57,,
116,Partial-Response Precoding Scheme for Multiple Pulse-Position Modulation,article,RN17,H. Park and J. R. Barry,,1350-2433,,2003-01-01,0000-00-00,,,IEE Proceedings - Optoelectronics,150,2,133-137,,,,,,,,,,"The authors propose a partial-response precoding scheme for combating intersymbol interference that is compatible with trellis codes based on multiple pulse-position modulation. The scheme reduces the span of intersymbol interference from a possibly infinite number to two baud periods, significantly reducing the complexity of the receiver equaliser. Numerical results show that, in terms of performance and complexity, the proposed scheme compares favourably to conventional linear equalisation, block decision-feedback equalisation and superstate maximum-likelihood sequence detection.",,,,,,,10.1049/ip-opt:20030209,0,0,published,2017-04-18 18:07:58,2017-04-18 18:07:58,,
128,Performance Improvement Techniques for CCK-OFDM WLAN Modem,article,RN19,Jeong Wonjeong and Park Hyuncheol and Lee Hyuckjae and Hwang Sunghyun,,0098-3063,,2003-01-01,0000-00-00,,,IEEE Transactions on Consumer Electronics,49,3,602-605,,,,,,,,,,"In this paper, we show the equivalence between complementary code keying (CCK) codeword and coset of the first order Reed-Muller (RM) code with variables of three. The CCK codewords are Golay sequences which have peak-to-average power ratio (PAPR) of two at most and can correct one error. We propose a CCK-orthogonal frequency division multiplexing (OFDM) modem to reduce PAPR. Also, we present the performance improvement techniques by increasing the variables of four to correct three errors and reduce PAPR at least 9dB with this system. Although, two Fast Hadamard Transform (FHT) blocks of size 8 &amp;times; 64 are required at the receiver, we reduce the complexity by using FHT blocks of size 8 &amp;times; 64 and 2 &amp;times; 4 without deteriorating the performance. We generalize our results that we may increase the variables of RM code to enhance the error correcting and PAPR reduction capabilities without increasing receiver's complexity.",,,,,,,10.1109/TCE.2003.1233781,0,0,published,2017-04-18 18:07:59,2017-04-18 18:07:59,,
73,Convolutional Coded Pulse-Position Modulation on Wireless Infrared Link,article,RN16,Park Hyuncheol,,1350-2433,,2001-01-01,0000-00-00,,,IEE Proceedings - Optoelectronics,148,4,199-203,,,,,,,,,,"The performance of convolutional codes based on pulse-position modulation (PPM) for wireless infrared communication is reported. It is assumed that the receiver uses maximum-likelihood sequence detection (MLSD) to mitigate the effects of channel dispersion, which are modelled using a first-order low-pass filter. The upper bounds are derived for the minimum distance of convolutional coded PPM and compared with the Simplex bound. The performance of convolutional coded PPM is compared with the cutoff rate",,,,,,,10.1049/ip-opt:20010697,0,0,published,2017-04-18 18:07:53,2017-04-18 18:07:53,,
76,PC-Based Receiver for Eureka-147 Digital Audio Broadcasting,article,RN14,Cho Jaehee and Cho Namshin and Bang Keukjoon and Park Myunghee and Jun Heeyoung and Park Hyuncheol and Hong Daesik,,0018-9316,,2001-01-01,0000-00-00,,,IEEE Transactions on Broadcasting,47,2,95-102,,,,,,,,,,"We present the design and implementation for a Eureka-147 digital audio broadcasting (DAB) receiver. We establish the specifications for the receiver and design the blocks required for DAB reception. Due to the fact that orthogonal frequency division multiplexing (OFDM) is the transmission technique used in the DAB system, the synchronization block plays a key role in the overall system performance among the receiving blocks in the DAB receiver, and for this reason we describe it in detail here. We also include descriptions of several implementation techniques that enable the receiver to run in real-time on a PC. Our findings show that the receiver implemented as described here satisfactorily meets our predetermined specifications",,,,,,,10.1109/11.948262,0,0,published,2017-04-18 18:07:53,2017-04-18 18:07:53,,
79,A Coarse Frequency Offset Estimation in an OFDM System Using the Concept of the Coherence Phase Bandwidth,article,RN15,Bang Keukjoon and Cho Namshin and Cho Jaehee and Jun Heeyoung and Kim Kwangchul and Park Hyuncheol and Hong Daesik,,0090-6778,,2001-01-01,0000-00-00,,,IEEE Transactions on Communications,49,8,1320-1324,,,,,,,,,,"We propose a new coarse frequency offset estimation algorithm in orthogonal frequency-division multiplexing systems, which performs robust operation in the presence of a symbol timing offset within an allowed range. The effect of a symbol timing offset on estimating a coarse frequency offset is analyzed, and the coherence phase bandwidth according to the allowed symbol timing offset is introduced. The proposed algorithm adapts the concept of the coherence phase bandwidth for the purpose of weakening the effect of the symbol timing offset",,,,,,,10.1109/26.939841,0,0,published,2017-04-18 18:07:53,2017-04-18 18:07:53,,
113,Upper Bounds on Error Probability of Equalisation Schemes in Wireless Infrared Link,article,RN13,H. Park,,0013-5194,,2001-01-01,0000-00-00,,,Electronics Letters,37,5,319-321,,,,,,,,,,"The performance of equalisation schemes in the presence of multipath distortion in a diffuse infrared link is examined. The upper bounds of error probability are derived for two types of symbol-by-symbol equalisation schemes, such as decision feedback equalisation (DFE) and linear equalisation (LE)",,,,,,,10.1049/el:20010117,0,0,published,2017-04-18 18:07:57,2017-04-18 18:07:57,,
127,Partial-Response Maximum-Likelihood Core Development for a CD/DVD Controller Integrated Circuit,article,RN12,G. Sonu and N. Nadershahi and S. Radzewicz and Kim Young-Mook and Lee Jae-Wook and Shim Daeyun and K. O. Cho and Park Hyucheol and Lee Kiwon and Park Hyun-Soo and Shim Jae-Seong,,0018-9464,,2001-01-01,0000-00-00,,,IEEE Transactions on Magnetics,37,2,663-669,,,,,,,,,,"A new PRML architecture is presented to demonstrate its superiority over the conventional analog channel in a DVD system. In this new architecture, the robustness to the baseline disturbance in the readback signal is emphasized in developing the algorithms for the PLL, digital gain control, asymmetry control, adaptive FIR filter, and Viterbi detector and post processor. In addition, a method of modeling the asymmetrical readback signal is discussed. A new algorithm for the digital PLL is described which does not require the oversampling. A simple method is presented to reduce the asymmetry in the ADC samples. To further improve the sensitivity to the baseline wandering, a Viterbi detector is designed using the difference metric approach and followed by a post processor, which corrects the baseline related errors from the VD. A test chip is fabricated using 0.35 &amp;mu;m CMOS technology to demonstrate the performance of the proposed architecture",,,,,,,10.1109/20.917598,0,0,published,2017-04-18 18:07:59,2017-04-18 18:07:59,,
112,Information and Cut-Off Rates for Multiple-Pulse Position Modulation on Multi-path Channels,article,RN11,H. Park,,1350-2433,,2000-01-01,0000-00-00,,,IEE Proceedings - Optoelectronics,147,4,229-233,,,,,,,,,,"The effect is examined of multipath dispersion on the information and cut-off rates of multiple-pulse position modulation. Over multipath channels, intersymbol interference (ISI) can reduce the information rate significantly. When the input codewords are independent and identically distributed with a uniform distribution, lower and upper bounds are presented for the information rate on a moderate ISI channel in terms of the average mutual information of a memoryless Gaussian vector channel with scaled input codewords. The cut-off rate of each modulation scheme is also examined in the presence of ISI, and the power required to achieve the cut-off rate is calculated for various bit rates over the channel 3 dB bandwidth",,,,,,,10.1049/ip-opt:20000494,0,0,published,2017-04-18 18:07:57,2017-04-18 18:07:57,,
115,Performance of Multiple Pulse Position Modulation on Multipath Channels,article,RN10,H. Park and J. R. Barry,,1350-2433,,1996-01-01,0000-00-00,,,IEE Proceedings - Optoelectronics,143,6,360-364,,,,,,,,,,"The effect of multipath dispersion on multiple pulse position modulation (MPPM) and its variants PPM and overlapping PPM are examined. Upper bounds for the error probability of each modulation scheme in the presence of intersymbol interference are presented, considering both an unequalised receiver and the optimal maximum-likelihood sequence detection receiver. Numerical results show that all the PPM-based schemes are approximately equally sensitive to multipath dispersion, and significantly more sensitive to multipath dispersion than on-off keying when maximum-likelihood sequence detection is used",,,,,,,10.1049/ip-opt:19960698,0,0,published,2017-04-18 18:07:57,2017-04-18 18:07:57,,
